{
  "loss": [
    0.7042270302772522,
    0.407722532749176,
    0.35624244809150696,
    0.32553935050964355,
    0.3168978989124298,
    0.29239940643310547,
    0.28188562393188477,
    0.2697782516479492,
    0.26103267073631287,
    0.2545744478702545,
    0.24969330430030823,
    0.24844011664390564,
    0.23762525618076324,
    0.23730097711086273,
    0.2309778779745102,
    0.23046422004699707,
    0.22464865446090698,
    0.21972444653511047,
    0.2189512848854065,
    0.21845531463623047,
    0.2117740660905838,
    0.21112965047359467,
    0.21298468112945557,
    0.2077093869447708,
    0.20411062240600586
  ],
  "accuracy": [
    0.7819268703460693,
    0.8669286370277405,
    0.8816046714782715,
    0.8926116824150085,
    0.8971002101898193,
    0.9037863612174988,
    0.9070456027984619,
    0.9110312461853027,
    0.9128005504608154,
    0.9165626764297485,
    0.9167861938476562,
    0.9179967641830444,
    0.9212560057640076,
    0.9220196008682251,
    0.9234723448753357,
    0.9222431182861328,
    0.9253720045089722,
    0.9260239005088806,
    0.9273834824562073,
    0.9273648262023926,
    0.9297860264778137,
    0.929562509059906,
    0.9292645454406738,
    0.9304937124252319,
    0.9322630763053894
  ],
  "precision": [
    0.8691388368606567,
    0.8982253074645996,
    0.9096945524215698,
    0.9153494834899902,
    0.9187197685241699,
    0.9228473901748657,
    0.9256908297538757,
    0.9286224246025085,
    0.929754912853241,
    0.9324659705162048,
    0.9320468306541443,
    0.9336161613464355,
    0.9366396069526672,
    0.9368934035301208,
    0.9377933740615845,
    0.9366388320922852,
    0.9389406442642212,
    0.9394634962081909,
    0.9400133490562439,
    0.9401119947433472,
    0.9421271681785583,
    0.9415465593338013,
    0.9421266913414001,
    0.942582905292511,
    0.9445090889930725
  ],
  "recall": [
    0.7097759246826172,
    0.8389548063278198,
    0.859832763671875,
    0.8736334443092346,
    0.8778425455093384,
    0.8870802521705627,
    0.8909168839454651,
    0.8962807059288025,
    0.8987763524055481,
    0.9023522734642029,
    0.9040470719337463,
    0.9057605266571045,
    0.908554196357727,
    0.909690260887146,
    0.9116644859313965,
    0.9115713238716125,
    0.914178729057312,
    0.9150727391242981,
    0.9164136648178101,
    0.9162647128105164,
    0.919579803943634,
    0.9197847247123718,
    0.918965220451355,
    0.9199895858764648,
    0.9224852323532104
  ],
  "auc": [
    0.9870104789733887,
    0.9940370321273804,
    0.9953557252883911,
    0.9957340955734253,
    0.995865523815155,
    0.9962909817695618,
    0.9963058233261108,
    0.9966344237327576,
    0.9967716336250305,
    0.9968913793563843,
    0.9969258904457092,
    0.9968954920768738,
    0.9970505833625793,
    0.9969739317893982,
    0.9973832368850708,
    0.997101366519928,
    0.997383177280426,
    0.9975979328155518,
    0.9975432753562927,
    0.9975008964538574,
    0.9975796341896057,
    0.997503399848938,
    0.9975225925445557,
    0.9976239800453186,
    0.9977312088012695
  ],
  "val_loss": [
    0.2737624943256378,
    0.2244117110967636,
    0.20953835546970367,
    0.18228599429130554,
    0.20272693037986755,
    0.1728019267320633,
    0.1540105938911438,
    0.1891811043024063,
    0.1667594313621521,
    0.14334958791732788,
    0.15499362349510193,
    0.14508658647537231,
    0.14656585454940796,
    0.13186456263065338,
    0.13919375836849213,
    0.13045021891593933,
    0.12709090113639832,
    0.12877929210662842,
    0.12951859831809998,
    0.12435650080442429,
    0.13382838666439056,
    0.12551730871200562,
    0.11989615112543106,
    0.1245650202035904,
    0.11157988011837006
  ],
  "val_accuracy": [
    0.9081793427467346,
    0.9241733551025391,
    0.9288141131401062,
    0.9371011853218079,
    0.9322118163108826,
    0.9409132599830627,
    0.946134090423584,
    0.9366039633750916,
    0.9414933323860168,
    0.951686441898346,
    0.9464655518531799,
    0.9502776265144348,
    0.9503604769706726,
    0.9561614394187927,
    0.9522665143013,
    0.9559128284454346,
    0.956990122795105,
    0.9559128284454346,
    0.9535924196243286,
    0.9573216438293457,
    0.954918384552002,
    0.9570730328559875,
    0.9583989381790161,
    0.9573216438293457,
    0.9619624018669128
  ],
  "val_precision": [
    0.9280836582183838,
    0.9406185746192932,
    0.9427598118782043,
    0.9488135576248169,
    0.942869246006012,
    0.9518133401870728,
    0.9559133648872375,
    0.9452598094940186,
    0.9497767090797424,
    0.9587395191192627,
    0.9552188515663147,
    0.9575039744377136,
    0.9577524065971375,
    0.9619318842887878,
    0.9582704901695251,
    0.9620253443717957,
    0.9621472358703613,
    0.9622166156768799,
    0.9588777422904968,
    0.9632390141487122,
    0.9600769877433777,
    0.9621598720550537,
    0.9625543355941772,
    0.9622073769569397,
    0.9669373035430908
  ],
  "val_recall": [
    0.8897820711135864,
    0.9123228788375854,
    0.9172122478485107,
    0.9278196692466736,
    0.9231789112091064,
    0.9330404996871948,
    0.9397530555725098,
    0.9287312626838684,
    0.9340349435806274,
    0.9454711079597473,
    0.9404160380363464,
    0.9448081254959106,
    0.944973886013031,
    0.9506919980049133,
    0.9477086067199707,
    0.9510234594345093,
    0.9521007537841797,
    0.9496974945068359,
    0.9487859606742859,
    0.9532609581947327,
    0.9506090879440308,
    0.9524322748184204,
    0.9543382525444031,
    0.9536753296852112,
    0.9573216438293457
  ],
  "val_auc": [
    0.99683678150177,
    0.9977176785469055,
    0.9980745911598206,
    0.9984221458435059,
    0.9979981184005737,
    0.998595654964447,
    0.9986289739608765,
    0.9978644847869873,
    0.9983870983123779,
    0.9988359212875366,
    0.998492956161499,
    0.998756468296051,
    0.9988185167312622,
    0.9986070990562439,
    0.9988288283348083,
    0.9989861845970154,
    0.9987547993659973,
    0.9988260865211487,
    0.9990249872207642,
    0.998769223690033,
    0.9988906383514404,
    0.9990893602371216,
    0.9987858533859253,
    0.9985995292663574,
    0.9989858269691467
  ],
  "lr": [
    0.0010000000474974513,
    0.0010000000474974513,
    0.0010000000474974513,
    0.0010000000474974513,
    0.0010000000474974513,
    0.0010000000474974513,
    0.0010000000474974513,
    0.0010000000474974513,
    0.0010000000474974513,
    0.0010000000474974513,
    0.0010000000474974513,
    0.0010000000474974513,
    0.0010000000474974513,
    0.0010000000474974513,
    0.0010000000474974513,
    0.0010000000474974513,
    0.0010000000474974513,
    0.0010000000474974513,
    0.0010000000474974513,
    0.0010000000474974513,
    0.0010000000474974513,
    0.0010000000474974513,
    0.0010000000474974513,
    0.0010000000474974513,
    0.0010000000474974513
  ]
}