{
  "evaluation_date": "2026-06-13T17:57:53.141955",
  "test_samples": 1358,
  "num_classes": 29,
  "model_path": "models/plant_disease_model.h5",
  "accuracy": 0.9550810014727541,
  "precision_weighted": 1.0,
  "recall_weighted": 0.9387755102040817,
  "f1_weighted": 0.9583333333333334,
  "macro_precision": 0.9560163405423786,
  "macro_recall": 0.9554330543311754,
  "macro_f1": 0.9547558475918433,
  "avg_auc": 0.9994679775768789,
  "per_class_metrics": {
    "Apple - Apple Scab": {
      "precision": 0.96,
      "recall": 0.9411764705882353,
      "f1_score": 0.9504950495049505,
      "accuracy": 0.9411764705882353,
      "support": 51
    },
    "Apple - Black Rot": {
      "precision": 0.9795918367346939,
      "recall": 0.96,
      "f1_score": 0.9696969696969697,
      "accuracy": 0.96,
      "support": 50
    },
    "Apple - Cedar Apple Rust": {
      "precision": 1.0,
      "recall": 0.9772727272727273,
      "f1_score": 0.9885057471264368,
      "accuracy": 0.9772727272727273,
      "support": 44
    },
    "Apple - Healthy": {
      "precision": 0.9607843137254902,
      "recall": 0.9607843137254902,
      "f1_score": 0.9607843137254902,
      "accuracy": 0.9607843137254902,
      "support": 51
    },
    "Bell Pepper - Bacterial Spot": {
      "precision": 0.9791666666666666,
      "recall": 0.9791666666666666,
      "f1_score": 0.9791666666666666,
      "accuracy": 0.9791666666666666,
      "support": 48
    },
    "Bell Pepper - Healthy": {
      "precision": 0.98,
      "recall": 0.98,
      "f1_score": 0.98,
      "accuracy": 0.98,
      "support": 50
    },
    "Cherry - Healthy": {
      "precision": 0.92,
      "recall": 1.0,
      "f1_score": 0.9583333333333334,
      "accuracy": 1.0,
      "support": 46
    },
    "Cherry - Powdery Mildew": {
      "precision": 1.0,
      "recall": 1.0,
      "f1_score": 1.0,
      "accuracy": 1.0,
      "support": 43
    },
    "Corn (Maize) - Cercospora Leaf Spot": {
      "precision": 0.9069767441860465,
      "recall": 0.8666666666666667,
      "f1_score": 0.8863636363636364,
      "accuracy": 0.8666666666666667,
      "support": 45
    },
    "Corn (Maize) - Common Rust": {
      "precision": 1.0,
      "recall": 1.0,
      "f1_score": 1.0,
      "accuracy": 1.0,
      "support": 48
    },
    "Corn (Maize) - Healthy": {
      "precision": 1.0,
      "recall": 0.9787234042553191,
      "f1_score": 0.989247311827957,
      "accuracy": 0.9787234042553191,
      "support": 47
    },
    "Corn (Maize) - Northern Leaf Blight": {
      "precision": 0.8823529411764706,
      "recall": 0.9375,
      "f1_score": 0.9090909090909091,
      "accuracy": 0.9375,
      "support": 48
    },
    "Grape - Black Rot": {
      "precision": 0.9591836734693877,
      "recall": 0.9791666666666666,
      "f1_score": 0.9690721649484536,
      "accuracy": 0.9791666666666666,
      "support": 48
    },
    "Grape - Esca (Black Measles)": {
      "precision": 0.9787234042553191,
      "recall": 0.9583333333333334,
      "f1_score": 0.968421052631579,
      "accuracy": 0.9583333333333334,
      "support": 48
    },
    "Grape - Healthy": {
      "precision": 0.9555555555555556,
      "recall": 1.0,
      "f1_score": 0.9772727272727273,
      "accuracy": 1.0,
      "support": 43
    },
    "Grape - Leaf Blight": {
      "precision": 0.8431372549019608,
      "recall": 1.0,
      "f1_score": 0.9148936170212766,
      "accuracy": 1.0,
      "support": 43
    },
    "Peach - Bacterial Spot": {
      "precision": 1.0,
      "recall": 1.0,
      "f1_score": 1.0,
      "accuracy": 1.0,
      "support": 46
    },
    "Peach - Healthy": {
      "precision": 1.0,
      "recall": 1.0,
      "f1_score": 1.0,
      "accuracy": 1.0,
      "support": 44
    },
    "Potato - Early Blight": {
      "precision": 0.9795918367346939,
      "recall": 0.9795918367346939,
      "f1_score": 0.9795918367346939,
      "accuracy": 0.9795918367346939,
      "support": 49
    },
    "Potato - Healthy": {
      "precision": 0.9565217391304348,
      "recall": 0.9565217391304348,
      "f1_score": 0.9565217391304348,
      "accuracy": 0.9565217391304348,
      "support": 46
    },
    "Potato - Late Blight": {
      "precision": 1.0,
      "recall": 0.9387755102040817,
      "f1_score": 0.968421052631579,
      "accuracy": 0.9387755102040817,
      "support": 49
    },
    "Strawberry - Healthy": {
      "precision": 0.9782608695652174,
      "recall": 0.9782608695652174,
      "f1_score": 0.9782608695652174,
      "accuracy": 0.9782608695652174,
      "support": 46
    },
    "Strawberry - Leaf Scorch": {
      "precision": 1.0,
      "recall": 0.9555555555555556,
      "f1_score": 0.9772727272727273,
      "accuracy": 0.9555555555555556,
      "support": 45
    },
    "Tomato - Bacterial Spot": {
      "precision": 0.84,
      "recall": 0.9767441860465116,
      "f1_score": 0.9032258064516129,
      "accuracy": 0.9767441860465116,
      "support": 43
    },
    "Tomato - Early Blight": {
      "precision": 0.9487179487179487,
      "recall": 0.7708333333333334,
      "f1_score": 0.8505747126436781,
      "accuracy": 0.7708333333333334,
      "support": 48
    },
    "Tomato - Healthy": {
      "precision": 1.0,
      "recall": 0.9591836734693877,
      "f1_score": 0.9791666666666666,
      "accuracy": 0.9591836734693877,
      "support": 49
    },
    "Tomato - Late Blight": {
      "precision": 0.875,
      "recall": 0.8936170212765957,
      "f1_score": 0.8842105263157894,
      "accuracy": 0.8936170212765957,
      "support": 47
    },
    "Tomato - Septoria Leaf Spot": {
      "precision": 0.8409090909090909,
      "recall": 0.8409090909090909,
      "f1_score": 0.8409090909090909,
      "accuracy": 0.8409090909090909,
      "support": 44
    },
    "Tomato - Yellow Leaf Curl Virus": {
      "precision": 1.0,
      "recall": 0.9387755102040817,
      "f1_score": 0.968421052631579,
      "accuracy": 0.9387755102040817,
      "support": 49
    }
  },
  "misclassified_count": 61,
  "error_rate": 4.491899852724595,