{
  "loss": [
    0.7108291983604431,
    0.40247631072998047,
    0.35791146755218506,
    0.3219011723995209,
    0.3082718849182129,
    0.29208439588546753,
    0.27810537815093994,
    0.2720082998275757,
    0.26058998703956604,
    0.25307461619377136,
    0.24957120418548584,
    0.24373827874660492,
    0.24400034546852112,
    0.23624233901500702,
    0.23050571978092194,
    0.21210914850234985,
    0.19312964379787445,
    0.1875099092721939,
    0.1858287751674652,
    0.18246965110301971,
    0.18014241755008698,
    0.1751134842634201,
    0.1769745647907257,
    0.17435355484485626,
    0.1726362556219101
  ],
  "accuracy": [
    0.7813867926597595,
    0.8682509660720825,
    0.8837092518806458,
    0.8942320346832275,
    0.8989067673683167,
    0.9034510850906372,
    0.9082189202308655,
    0.9091129302978516,
    0.9140297770500183,
    0.9160411953926086,
    0.9170283079147339,
    0.9186113476753235,
    0.9206972718238831,
    0.9211256504058838,
    0.9233047366142273,
    0.9288734197616577,
    0.9352429509162903,
    0.9365652799606323,
    0.9381111264228821,
    0.9387257099151611,
    0.9394334554672241,
    0.9406067728996277,
    0.9410537481307983,
    0.9413703680038452,
    0.9419105052947998
  ],
  "val_loss": [
    0.23302242159843445,
    0.22771340608596802,
    0.20630952715873718,
    0.17677272856235504,
    0.1925976574420929,
    0.1788824051618576,
    0.15083710849285126,
    0.18114498257637024,
    0.169634148478508,
    0.13667994737625122,
    0.1553799957036972,
    0.13661624491214752,
    0.14312075078487396,
    0.14430643618106842,
    0.14963996410369873,
    0.12049054354429245,
    0.11689674109220505,
    0.11255127936601639,
    0.11349351704120636,
    0.11465315520763397,
    0.11287445574998856,
    0.11407307535409927,
    0.10930368304252625,
    0.1115146055817604,
    0.10607907176017761
  ],
  "val_accuracy": [
    0.9226816892623901,
    0.9231789112091064,
    0.9313831329345703,
    0.941410481929779,
    0.9368525743484497,
    0.9391729235649109,
    0.9486202001571655,
    0.9395872950553894,
    0.9430678486824036,
    0.9524322748184204,
    0.9462998509407043,
    0.9530951976776123,
    0.9529294967651367,
    0.9522665143013,
    0.9487030506134033,
    0.9598077535629272,
    0.9600563645362854,
    0.9619624018669128,
    0.961382269859314,
    0.9608021974563599,
    0.9617966413497925,
    0.9619624018669128,
    0.9624596238136292,
    0.9615480303764343,
    0.9632883071899414
  ],
  "lr": [
    0.0010000000474974513,
    0.0010000000474974513,
    0.0010000000474974513,
    0.0010000000474974513,
    0.0010000000474974513,
    0.0010000000474974513,
    0.0010000000474974513,
    0.0010000000474974513,
    0.0010000000474974513,
    0.0010000000474974513,
    0.0010000000474974513,
    0.0010000000474974513,
    0.0010000000474974513,
    0.0010000000474974513,
    0.0010000000474974513,
    0.00020000000949949026,
    0.00020000000949949026,
    0.00020000000949949026,
    0.00020000000949949026,
    0.00020000000949949026,
    0.00020000000949949026,
    0.00020000000949949026,
    0.00020000000949949026,
    0.00020000000949949026,
    0.00020000000949949026
  ]
}